id	enable	display	server	productName	HTMLName	r	g	b	BottomText	TopText	priority	ItemCategory1	ItemID1	Quantity1	ItemCategory2	ItemID2	Quantity2	ItemCategory3	ItemID3	Quantity3	ItemCategory4	ItemID4	Quantity4	ItemCategory5	ItemID5	Quantity5	ItemCategory6	ItemID6	Quantity6	ItemCategory7	ItemID7	Quantity7	ItemCategory8	ItemID8	Quantity8
0	1	0	800	item_pack1	ouensale_pack	255	200	75	1	0	-1	0	22	160	0	6	30000	0	1	1	0	5	1
1	1	0	800	item_pack2	ouensale_pack	255	200	75	1	0	-1	0	22	400	0	6	50000	0	1	2	0	2	2	0	5	2
2	1	0	800	item_pack3	ouensale_pack	255	200	75	1	0	-1	0	22	1100	0	6	100000	0	1	4	0	2	4	0	4	4	0	5	4
3	1	0	801	matatabi_set1	genteisale_pack	255	200	75	1	0	-1	0	22	900	0	6	100000	0	36	1	0	37	1	0	39	1	0	38	1	0	35	1
4	1	0	801	matatabi_set2	genteisale_pack	255	200	75	1	0	-1	0	22	1900	0	6	500000	0	36	1	0	37	1	0	39	1	0	38	1	0	35	1	0	40	1
5	1	0	801	matatabi_set3	genteisale_pack	255	200	75	1	0	-1	0	22	4000	0	6	1000000	0	36	2	0	37	2	0	39	2	0	38	2	0	35	2	0	40	2
6	1	0	802	rare_ticket	rare_ticket	230	60	40	2	0	1	0	21	1
7	1	0	803	platinum_ticket	intro_platinum	230	35	170	3	0	2	0	29	1	0	22	100	0	6	100000
8	1	2	-1	rankup_sale1	rankup	255	200	75	0	0	-1	0	22	160
9	1	2	-1	rankup_sale2	rankup	255	200	75	0	0	-1	0	6	150000
10	1	2	-1	rankup_sale3	rankup	255	200	75	0	0	-1	0	0	10	0	3	10	0	1	1
11	0	0	804	platinum_ticket2	intro_platinum_beginner	250	47	143	3	1	3	0	29	1	0	22	100	0	0	1	0	1	1	0	2	1	0	3	1	0	4	1	0	5	1
12	1	0	805	chara_479	intro_chara479	255	171	45	4	0	4	1	479	1	0	22	30
13	0	0	806	chara_498	shakurel_pack	255	171	45	4	0	4	1	498	1	0	22	300
14	0	0	806	chara_499	shakurel_pack	255	171	45	4	0	4	1	499	1	0	22	400
15	0	0	806	chara_500	shakurel_pack	255	171	45	4	0	4	1	500	1	0	22	500
16	1	1	807	restart	intro_restart	255	200	75	0	0	-1	0	123	1
17	1	0	808	daikansha_set	intro_special_set	230	50	0	5	2	5	0	22	777	0	21	7
18	1	0	808	super_set1	intro_special_set	230	50	0	5	2	5	0	22	1200	0	21	1	0	6	500000
19	1	0	808	super_set2	intro_special_set	230	50	0	5	2	5	0	22	2200	0	21	3	0	6	1000000
20	1	0	808	super_set3	intro_special_set	230	50	0	5	2	5	0	22	4600	0	29	1	0	6	2000000
